Movie Name,Ratings,Metascores,Votes,Gross
1.Logan(2017),8.1,77,805789,$226.28M
2.Thor: Ragnarok(2017),7.9,74,794070,$315.06M
3.Guardians of the Galaxy Vol. 2(2017),7.6,67,737501,$389.81M
4.Dunkirk(2017),7.8,94,713975,$188.37M
5.Spider-Man: Homecoming(2017),7.4,73,697307,$334.20M
6.Wonder Woman(2017),7.4,76,685433,$412.56M
7.Get Out(I) (2017),7.8,85,660094,$176.04M
8.Star Wars: Episode VIII - The Last Jedi(2017),6.9,84,657694,$620.18M
9.Blade Runner 2049(2017),8.0,81,626502,$92.05M
10.It(I) (2017),7.3,69,584203,$327.48M
11.Baby Driver(2017),7.6,86,584021,$107.83M
12.Coco(I) (2017),8.4,81,557596,$209.73M
"13.Three Billboards Outside Ebbing, Missouri(2017)",8.1,88,537591,$54.51M
14.La casa de papel(2017–2021),8.2,,510171,
15.John Wick: Chapter 2(2017),7.4,75,492957,$92.03M
16.Justice League(2017),6.1,45,470348,$229.02M
17.The Shape of Water(2017),7.3,87,438006,$63.86M
18.Dark(2017–2020),8.7,,422582,
19.Jumanji: Welcome to the Jungle(2017),6.9,58,406598,$404.52M
20.Kingsman: The Golden Circle(2017),6.7,44,351119,$100.23M
21.Kong: Skull Island(2017),6.7,62,336257,$168.05M
22.Ozark(2017–2022),8.5,,334006,
23.Pirates of the Caribbean: Dead Men Tell No Tales(2017),6.5,39,333437,$172.56M
24.Beauty and the Beast(I) (2017),7.1,65,326027,$504.01M
25.Mindhunter(2017–2019),8.6,,317227,
26.Lady Bird(2017),7.4,93,314575,$48.96M
27.13 Reasons Why(2017–2020),7.5,,308295,
28.The Greatest Showman(2017),7.5,48,300280,$174.34M
29.Call Me by Your Name(2017),7.8,94,298501,$18.10M
30.Alien: Covenant(2017),6.4,65,294817,$74.26M
31.Murder on the Orient Express(2017),6.5,52,278540,$102.83M
32.War for the Planet of the Apes(2017),7.4,82,272067,$146.88M
33.Wind River(2017),7.7,73,269306,$33.80M
34.The Punisher(2017–2019),8.5,,255141,
35.The Handmaid's Tale(2017– ),8.4,,251010,
36.The Fate of the Furious(2017),6.6,56,247487,$226.01M
37.Life(I) (2017),6.6,54,245142,$30.23M
38.Mother!(2017),6.6,76,241791,$17.80M
39.The Hitman's Bodyguard(2017),6.9,47,241683,$75.47M
"40.I, Tonya(2017)",7.5,77,234567,$30.01M
41.King Arthur: Legend of the Sword(2017),6.7,41,226962,$39.18M
42.Ghost in the Shell(2017),6.3,52,223707,$40.56M
43.Big Little Lies(2017–2019),8.5,,216176,
44.Darkest Hour(2017),7.4,75,213993,$56.47M
45.The End of the F***ing World(2017–2019),8.0,,210446,
46.Atomic Blonde(2017),6.7,63,202476,$51.69M
47.The Mummy(2017),5.4,34,200108,$80.10M
48.American Made(2017),7.1,65,198950,$51.34M
49.Bright(I) (2017),6.3,29,197987,
50.Baywatch(2017),5.5,37,197071,$58.06M
51.Valerian and the City of a Thousand Planets(2017),6.4,51,192345,$41.19M
52.Molly's Game(2017),7.4,71,182530,$28.78M
53.Wonder(I) (2017),7.9,66,173599,$132.42M
54.The Killing of a Sacred Deer(2017),7.0,73,170004,$2.29M
55.The Lego Batman Movie(2017),7.3,75,166712,$175.75M
56.Transformers: The Last Knight(2017),5.2,27,164376,$130.17M
57.The Disaster Artist(2017),7.3,76,161038,$21.12M
58.The Post(2017),7.2,83,158652,$81.90M
59.Logan Lucky(2017),7.0,78,158395,$27.78M
60.Happy Death Day(2017),6.6,58,156090,$55.68M
61.Riverdale(2017–2023),6.5,,152126,
62.Despicable Me 3(2017),6.2,49,146977,$264.62M
63.Annabelle: Creation(2017),6.5,62,146105,$102.09M
64.Taboo(2017– ),8.3,,145562,
65.The Dark Tower(2017),5.6,34,143594,$50.70M
66.The Big Sick(2017),7.5,86,140995,$42.87M
67.Phantom Thread(2017),7.4,90,140884,$21.02M
68.The Marvelous Mrs. Maisel(2017–2023),8.7,,137139,
69.Iron Fist(2017–2018),6.4,,136856,
70.The Boss Baby(2017),6.3,50,136698,$175.00M
71.The Sinner(2017–2021),7.9,,134144,
72.Good Time(2017),7.3,80,133898,$2.03M
73.What Happened to Monday(2017),6.8,47,130732,
74.T2 Trainspotting(2017),7.2,67,130316,$2.40M
75.Star Trek: Discovery(2017–2024),7.1,,129980,
76.Okja(2017),7.3,75,128944,
77.Gifted(2017),7.6,60,126150,$24.80M
78.You Were Never Really Here(2017),6.7,84,124853,$2.53M
79.The Florida Project(2017),7.6,92,123136,$5.90M
80.The Foreigner(I) (2017),7.0,55,120516,$34.39M
81.Gerald's Game(2017),6.5,77,120484,
82.Downsizing(2017),5.8,64,117791,$24.45M
83.Geostorm(2017),5.3,21,114846,$33.70M
84.Cars 3(2017),6.7,59,114222,$152.90M
85.The Defenders(2017),7.2,,113720,
86.The Ritual(I) (2017),6.3,57,113063,
87.Power Rangers(2017),5.9,44,112337,$85.36M
88.The Death of Stalin(2017),7.2,88,109822,$8.04M
89.Baahubali 2: The Conclusion(2017),8.2,,109723,
90.Fifty Shades Darker(2017),4.6,33,108394,$114.38M
91.The Good Doctor(2017– ),8.0,,107898,
92.The Babysitter(I) (2017),6.3,,103829,
93.It Comes at Night(2017),6.2,78,99582,$13.99M
94.Atypical(2017–2021),8.2,,99442,
95.The Circle(I) (2017),5.3,43,97768,$20.50M
96.The Orville(2017– ),8.0,,96094,
97.xXx: Return of Xander Cage(2017),5.2,42,95756,$44.90M
98.Legion(2017–2019),8.2,,95027,
99.Shot Caller(2017),7.3,59,93198,
100. Game of Thrones (2011–2019)Episode:The Spoils of War(2017),9.7,,92537,
101.Hostiles(2017),7.2,65,92212,$29.82M
102.American Gods(2017–2021),7.6,,90652,
103.Going in Style(2017),6.6,50,89715,$45.02M
104.Death Note(I) (2017),4.6,43,88880,
105.All the Money in the World(2017),6.8,72,88870,$25.11M
106.Paddington 2(2017),7.8,88,87778,$40.44M
107.Jigsaw(I) (2017),5.7,39,87020,$38.05M
108.American Assassin(2017),6.2,45,86947,$36.25M
109.Big Mouth(2017–2024),7.9,,85906,
110.Young Sheldon(2017– ),7.6,,82748,
111.Papillon(I) (2017),7.2,51,82272,$2.34M
112.Daddy's Home 2(2017),6.0,30,79419,$104.03M
113.The Mountain Between Us(2017),6.4,48,79240,$30.35M
114.A Ghost Story(2017),6.8,84,77156,$1.60M
115.A Dog's Purpose(2017),7.2,43,76838,$64.51M
116.Castlevania(2017–2021),8.3,,75012,
117.Only the Brave(2017),7.6,72,74755,$18.34M
118.Godless(2017),8.2,,74685,
119.The Square(2017),7.1,73,74408,$1.50M
120.Reis(2017),1.0,,73926,
121.Santa Clarita Diet(2017–2019),7.8,,73650,
122.Twin Peaks: The Return(2017),8.5,,72817,
123.Brawl in Cell Block 99(2017),7.1,79,72229,
124.The Snowman(2017),5.1,23,69726,$6.67M
125.Pitch Perfect 3(2017),5.8,40,69645,$104.90M
126.1922(2017),6.2,70,69389,
127.The Emoji Movie(2017),3.4,12,69156,$86.09M
128. Game of Thrones (2011–2019)Episode:The Dragon and the Wolf(2017),9.4,,67549,
129. Game of Thrones (2011–2019)Episode:Beyond the Wall(2017),9.0,,67515,
130.A Series of Unfortunate Events(2017–2019),7.8,,64966,
131.Manhunt(II) (2017–2020),8.1,,62622,
132.I Don't Feel at Home in This World Anymore.(2017),6.9,75,62421,
133.Anne(2017–2019),8.6,,62180,
134.Loving Vincent(2017),7.8,62,61647,$6.74M
135.Ferdinand(2017),6.7,58,61628,$84.41M
136.Jungle(I) (2017),6.7,48,61050,
137.The Upside(2017),7.0,46,60881,$108.25M
138.First Reformed(2017),7.1,86,60843,$3.45M
139.The Beguiled(2017),6.3,77,60382,$10.58M
140.47 Meters Down(2017),5.6,52,59639,$44.31M
141. Black Mirror (2011– )Episode:Hang the DJ(2017),8.7,,58766,
142.Battle of the Sexes(2017),6.7,73,58518,$12.64M
143. Black Mirror (2011– )Episode:USS Callister(2017),8.3,,58376,
144.A Bad Moms Christmas(2017),5.6,42,55607,$72.11M
145.Before I Fall(2017),6.4,58,55456,$12.24M
146.The Space Between Us(I) (2017),6.4,33,55346,$7.89M
147.Detroit(2017),7.3,77,55159,$16.79M
148.Rough Night(2017),5.2,51,54717,$22.11M
149. Game of Thrones (2011–2019)Episode:Dragonstone(2017),8.5,,53547,
150.To the Bone(I) (2017),6.8,64,53284,
151.Icarus(2017),7.9,68,53255,
152.The Meyerowitz Stories (New and Selected)(2017),6.9,79,52911,
153.Mudbound(2017),7.4,85,52763,
154.CHIPS(2017),6.0,28,50044,$18.60M
155.Flatliners(2017),5.2,27,49823,$16.88M
156.GLOW(2017–2019),8.0,,49362,
157. Game of Thrones (2011–2019)Episode:The Queen's Justice(2017),9.1,,49275,
158.War Machine(2017),6.0,56,49172,
159.Raees(2017),6.6,,49027,
160.Vikram Vedha(2017),8.2,,49007,
161. Black Mirror (2011– )Episode:Black Museum(2017),8.6,,48885,
162.Stronger(I) (2017),6.9,76,48330,$4.21M
163.The Endless(I) (2017),6.5,80,47434,$0.27M
164. Game of Thrones (2011–2019)Episode:Stormborn(2017),8.8,,46945,
165.Ingrid Goes West(2017),6.6,71,46872,$3.02M
166.Revenge(II) (2017),6.4,81,46805,$0.10M
167.Cargo(I) (2017),6.3,65,46779,
168. Game of Thrones (2011–2019)Episode:Eastwatch(2017),8.7,,46671,
169.Suburbicon(2017),5.8,42,46415,$5.78M
170.The House(I) (2017),5.6,30,46140,$25.58M
171.Thoroughbreds(2017),6.6,75,45515,$2.83M
172.The Zookeeper's Wife(2017),7.0,57,45510,$17.45M
173.Verónica(I) (2017),6.2,,45238,
174. Black Mirror (2011– )Episode:Arkangel(2017),7.3,,45235,
175.Fist Fight(2017),5.6,37,44876,$32.19M
176.Blue Planet II(2017),9.3,,44531,
177. Black Mirror (2011– )Episode:Crocodile(2017),7.3,,42721,
178. Shingeki no Kyojin (2013–2023)Episode:Warrior(2017),9.7,,42616,
179.Ayla: The Daughter of War(2017),8.3,,42510,
180.Gi-eok-ui bam(2017),7.4,,42457,
181.Rings(2017),4.5,25,42438,$27.79M
182.The Wife(I) (2017),7.2,77,42097,$9.60M
183.Happy!(2017–2019),8.1,,41738,
"184.Roman J. Israel, Esq.(2017)",6.5,58,41650,$11.96M
"185.Everything, Everything(2017)",6.3,52,41508,$34.00M
186.Time Trap(2017),6.2,46,41391,
187.Fantastic Beasts and Where to Find Them: Newt(2017 Video),7.2,,40894,
188. Black Mirror (2011– )Episode:Metalhead(2017),6.6,,40661,
189.The Chosen(2017– ),9.3,,40588,
190.Girls Trip(2017),6.2,71,39693,$115.17M
191.Cumali Ceber: Allah Seni Alsin(2017),1.0,,39243,
192.Kidnap(I) (2017),5.9,44,38511,$30.72M
193.The Shack(I) (2017),6.3,32,38225,$57.39M
194.Unlocked(I) (2017),6.3,46,37708,
195.Victoria & Abdul(2017),6.8,58,37544,$22.25M
196.The Glass Castle(2017),7.1,56,37340,$17.27M
197.The Gifted(I) (2017–2019),7.2,,36949,
198.Mersal(2017),7.5,,36926,
199.Snatched(2017),4.7,45,36885,$45.83M
200.Marrowbone(2017),6.7,63,36604,$0.00M
201.The Discovery(I) (2017),6.2,54,36559,
202.Alias Grace(2017),7.6,,36225,
203.Ghost Stories(I) (2017),6.4,68,36053,$0.14M
204.Thelma(2017),7.0,74,35454,$0.15M
205.Aus dem Nichts(2017),7.1,65,34898,$0.32M
206.Nelyubov(2017),7.6,86,34775,$0.57M
207.Disobedience(2017),6.6,74,34259,$3.48M
208.Home Again(2017),5.8,41,34255,$27.02M
209. Rick and Morty (2013– )Episode:The Ricklantis Mixup(2017),9.8,,34192,
210.God's Own Country(2017),7.6,85,34187,$0.34M
211.Borg McEnroe(2017),6.9,63,33802,$14.11M
212.Sleepless(III) (2017),5.6,34,33728,$20.78M
213.Krym(I) (2017),3.6,,33566,
"214.As Above, So Below: The Underworld of 'John Wick'(2017 Video)",7.7,,33014,
215.I Kill Giants(2017),6.1,74,32536,
216.American Vandal(2017–2018),8.1,,32374,
217.Tiger Zinda Hai(2017),5.9,,31818,
218.Black Clover(2017–2021),8.3,,31561,
219.Captain Underpants: The First Epic Movie(2017),6.2,69,31266,$73.92M
220.Hindi Medium(2017),7.8,,31201,
221.The Good Fight(2017–2022),8.3,,31173,
222. Shingeki no Kyojin (2013–2023)Episode:Scream(2017),9.7,,31026,
223.The Deuce(2017–2019),8.1,,30956,
224.Creep 2(2017),6.4,75,30681,
225.SEAL Team(2017– ),7.8,,30657,
226.Table 19(2017),5.8,40,30356,$3.61M
227.Wonder Wheel(2017),6.2,46,30249,$1.40M
228.What the Health(2017),7.2,,30152,
229.The Current War(2017),6.5,55,29965,
230.S.W.A.T.(2017–2023),7.2,,29705,
231.Counterpart(2017–2019),8.0,,29620,
232.The Wall(II) (2017),6.2,57,29616,$1.80M
233. Stranger Things (2016–2025)Episode:Chapter Seven: The Lost Sister(2017),6.1,,29213,
234.Teströl és lélekröl(2017),7.5,77,29205,
235.Goodbye Christopher Robin(2017),7.1,54,29132,$1.74M
236.The Book of Henry(2017),6.6,31,28944,$4.22M
237.The Lego Ninjago Movie(2017),6.0,55,28932,$59.28M
238.Taeksi woonjunsa(2017),7.9,69,28852,$1.53M
239. Sherlock (2010–2017)Episode:The Final Problem(2017),8.2,,28630,
240.Kaabil(2017),7.1,,28420,
241.El bar(2017),6.3,,28389,
242.Secret Superstar(2017),7.8,,28383,
243.Cult of Chucky(2017),5.3,69,28371,
244. Sherlock (2010–2017)Episode:The Lying Detective(2017),9.1,,28344,
245.Justice League Dark(2017 Video),7.0,,28318,
246.Den 12. mann(2017),7.3,70,28275,
247.Inhumans(2017),4.9,,28225,
248.Babylon Berlin(2017– ),8.4,,28223,
249.Kamera o tomeru na!(2017),7.6,86,28023,
250.The Hitman's Bodyguard: The Hitman vs. The Bodyguard(2017 Video),6.9,,28013,
251.Professor Marston and the Wonder Women(2017),7.0,68,27956,$1.59M
252.Runaways(2017–2019),6.9,,27816,
253.The Wizard of Lies(2017 TV Movie),6.8,,27800,
254.The Breadwinner(2017),7.7,78,27532,$0.31M
255.Future Man(2017–2020),7.7,,27531,
"256.Jim & Andy: The Great Beyond - Featuring a Very Special, Contractually Obligated Mention of Tony Clifton(2017)",7.6,77,27393,
257.Last Flag Flying(2017),6.9,65,27229,$0.97M
258.Berlin Syndrome(2017),6.3,70,26910,$0.03M
259.Boruto: Naruto Next Generations(2017– ),6.5,,26894,
260.Una Mujer Fantástica(2017),7.2,84,26856,$2.02M
261.The Vietnam War(2017),9.1,,26852,
262.The Mist(2017),5.4,,26778,
263.Black Lightning(2017–2021),6.1,,26759,
264.Leatherface(2017),5.0,40,26701,
265.Arjun Reddy(2017),8.0,,26670,
266.Jolly LLB 2(2017),7.2,,26614,
267.Mom and Dad(2017),5.6,59,26478,
268.The Ottoman Lieutenant(2017),6.4,26,26463,
269.Crooked House(2017),6.3,59,26408,
270.Aftermath(IV) (2017),5.7,44,26285,
271. Better Call Saul (2015–2022)Episode:Chicanery(2017),9.7,,26168,
272.Dear White People(2017–2021),6.4,,26145,
273.Sand Castle(2017),6.3,45,26078,
274.Marshall(2017),7.3,66,25961,$10.05M
275.Megan Leavey(2017),7.1,66,25553,$13.41M
276.A Prayer Before Dawn(2017),6.8,76,25495,
277.The Bye Bye Man(2017),4.3,37,25429,$22.38M
278.Snowfall(2017–2023),8.3,,25418,
279. Sherlock (2010–2017)Episode:The Six Thatchers(2017),7.6,,25365,
280.Lucky(I) (2017),7.3,80,25333,$0.96M
281.Aile Arasinda(2017),7.6,,25319,
282.Bareilly Ki Barfi(2017),7.5,,25147,
283.2:22(2017),5.7,,25111,
284. Stranger Things (2016–2025)Episode:Chapter Nine: The Gate(2017),9.3,,25043,
285.Super Dark Times(2017),6.6,75,25002,$0.03M
286.Mr. Mercedes(2017–2019),7.8,,24811,
287.The Little Hours(2017),5.8,69,24778,$1.65M
288.All Eyez on Me(2017),5.9,38,24345,$44.92M
289.The Keepers(II) (2017),8.0,,24258,
290.Dynasty(2017–2022),7.3,,24254,
291.Mayhem(2017),6.4,62,24232,
292.Breathe(I) (2017),7.1,51,24147,$0.49M
293.Salvation(2017–2018),6.9,,24056,
294.iBoy(2017),5.9,50,23996,
295.6 Days(I) (2017),6.2,36,23858,
296.Jeepers Creepers 3(2017),3.9,,23635,
297.The Bold Type(2017–2021),7.8,,23450,
298.Smurfs: The Lost Village(2017),6.0,40,23349,$45.02M
299. Rick and Morty (2013– )Episode:The Rickshank Rickdemption(2017),9.6,,23019,
300.Beyond Skyline(2017),5.3,46,22977,
301.Strike(2017– ),7.9,,22923,
302.My Friend Dahmer(2017),6.2,68,22843,$1.36M
303.Little Evil(2017),5.7,,22785,
304.Chalard games goeng(2017),7.6,,22713,
305.Toilet - Ek Prem Katha(2017),7.2,,22665,
306.Friends from College(2017–2019),6.9,,22541,
307. Stranger Things (2016–2025)Episode:Chapter Eight: The Mind Flayer(2017),9.2,,22433,
308.Tulip Fever(2017),6.2,38,22427,$2.43M
309.Hot Summer Nights(2017),6.4,44,22238,
310.Wish Upon(2017),5.1,32,22185,$14.30M
311.Jab Harry Met Sejal(2017),5.1,,22146,
312.Workin' Moms(2017–2023),7.8,,22099,
313.Song to Song(I) (2017),5.6,54,22010,$0.44M
314.Wheelman(2017),6.4,66,21847,
315.Loving Pablo(2017),6.3,42,21791,$0.02M
316.Knightfall(2017–2019),6.8,,21670,
317.Abducted in Plain Sight(2017),6.8,,21482,
318.The Super(2017),5.2,47,21465,
319.Fantastic Beasts and Where to Find Them: Before Harry Potter(2017 Video),7.2,,21389,
320.Tubelight(2017),3.9,,21327,
321.Hidden Figures: It All Adds Up - The Making of Hidden Figures(2017 Video),8.1,,21312,
322.Training 'John Wick'(2017 Video),7.6,,21279,
323.Naked(I) (2017),5.4,36,21166,
324.Toc Toc(2017),6.8,,21052,
325.Feud(2017– ),8.4,,21035,
326.Security(I) (2017),5.7,,21017,
327.Hagane no renkinjutsushi(2017),5.3,48,20924,
328.A Christmas Prince(2017),5.8,,20917,
329.Newton(2017),7.6,,20905,
330. Stranger Things (2016–2025)Episode:Chapter One: MADMAX(2017),8.1,,20882,
331.The Dawn Wall(2017),8.1,81,20785,$1.08M
332.Father Figures(2017),5.5,22,20731,$17.50M
333. Stranger Things (2016–2025)Episode:Chapter Six: The Spy(2017),9.1,,20691,
334. Rick and Morty (2013– )Episode:Pickle Rick(2017),9.3,,20608,
335.Once Upon a Time in Venice(2017),5.3,28,20522,
336. Shingeki no Kyojin (2013–2023)Episode:Close Combat(2017),9.5,,20486,
337.My Cousin Rachel(2017),6.0,63,20460,$2.68M
338.Unicorn Store(2017),5.6,44,20410,
339.Der Hauptmann(2017),7.3,67,20191,$0.11M
340.The Rider(2017),7.4,89,20186,$2.42M
341.The Party(I) (2017),6.5,73,20177,$0.75M
342.Columbus(I) (2017),7.2,89,20117,$1.02M
343.El Chapo(2017–2018),7.8,,19882,
344.First They Killed My Father(2017),7.2,72,19831,
345. Shingeki no Kyojin (2013–2023)Episode:Totsugeki(2017),9.5,,19569,
346.Masum(2017),8.3,,19538,
"347. Stranger Things (2016–2025)Episode:Chapter Two: Trick or Treat, Freak(2017)",8.3,,19536,
348.Genius(I) (2017– ),8.2,,19409,
349. Stranger Things (2016–2025)Episode:Chapter Five: Dig Dug(2017),8.8,,19333,
350.Girlboss(2017),7.0,,19279,
351. Stranger Things (2016–2025)Episode:Chapter Three: The Pollywog(2017),8.5,,19132,
352.Mugen no jûnin(2017),6.7,72,19049,$0.15M
353.Kodachrome(2017),6.8,57,18923,
354.The Mick(2017–2018),7.8,,18909,
355. Stranger Things (2016–2025)Episode:Chapter Four: Will the Wise(2017),8.5,,18900,
356. The Heroes (2008– )Episode:Knight in Black(2017),8.9,,18899,
357.Brad's Status(2017),6.5,71,18789,$2.13M
358.Radius(2017),6.3,,18783,
359.Aterrados(2017),6.5,,18719,
360.Hangman(II) (2017),5.2,31,18443,
361.Sandy Wexler(2017),5.2,40,18382,
362.Gypsy(2017),6.8,,18211,
363.Electric Dreams(2017–2018),7.2,,18056,
364.HHhH(2017),6.4,,17968,
365. Shingeki no Kyojin (2013–2023)Episode:Beast Titan(2017),9.2,,17967,
366.The Hitman's Bodyguard: Dangerous Women(2017 Video),6.8,,17865,
367.Sin-gwa ham-kke: Jwi-wa beol(2017),7.2,,17777,
368.One Day at a Time(2017–2020),8.2,,17758,
369.Koombiyo(2017–2018),9.0,,17750,
370.Newness(2017),6.3,50,17735,
371.L'insulte(2017),7.6,72,17696,$1.00M
372.The Man Who Invented Christmas(2017),7.0,60,17645,$5.68M
373.Horizon Zero Dawn(2017 Video Game),9.0,,17541,
374.Brigsby Bear(2017),7.3,67,17510,$0.53M
375.Cold Skin(2017),6.0,,17458,
376.Rememory(2017),6.1,48,17443,
377.Recep Ivedik 5(2017),3.3,,17435,
378.Britannia(2017–2021),6.9,,17318,
379.Mary Shelley(2017),6.4,49,17199,$0.11M
380.El guardián invisible(2017),6.4,,17189,
381.How to Be a Latin Lover(2017),6.0,54,17131,$32.09M
382. Shingeki no Kyojin (2013–2023)Episode:Historia(2017),9.1,,16861,
383.Shaadi Mein Zaroor Aana(2017),7.5,,16836,
384.The Bookshop(2017),6.5,62,16830,$1.33M
385.Absentia(2017–2020),7.2,,16752,
386.Teen Titans: The Judas Contract(2017 Video),7.0,,16721,
387.12 Feet Deep(2017),5.2,,16642,
388.Happy End(2017),6.6,72,16522,$0.30M
389.Unforgettable(II) (2017),5.1,45,16521,$11.27M
390.OtherLife(2017),6.2,,16479,
391.The Only Living Boy in New York(2017),6.3,33,16454,$0.62M
392. Shingeki no Kyojin (2013–2023)Episode:Soldier(2017),9.1,,16453,
393.120 battements par minute(2017),7.4,84,16387,$0.13M
394.Aknyeo(2017),6.6,64,16208,$0.03M
395.John Wick Chapter 2: Wick-vizzed(2017 Video),7.8,,16196,
396.Shimmer Lake(2017),6.3,,16176,
397.Theeran Adhigaaram Ondru(2017),8.2,,16147,
398.The Layover(I) (2017),4.8,15,16143,
399.Overdrive(2017),5.4,,15989,
400.Beach Rats(2017),6.4,78,15980,$0.47M
401. Shingeki no Kyojin (2013–2023)Episode:Children(2017),8.9,,15801,
402.Suburra - La serie(2017–2020),7.9,,15724,
403.Las chicas del cable(2017–2020),7.5,,15659,
404. The Walking Dead (2010–2022)Episode:The First Day of the Rest of Your Life(2017),7.7,,15591,
405.Churchill(2017),6.0,44,15576,$1.28M
406.24 Hours to Live(2017),5.8,37,15560,
407.Tin Star(2017–2020),7.2,,15554,
408.Him-ssen yeo-ja Do Bong-soon(2017),8.2,,15554,
409. Shingeki no Kyojin (2013–2023)Episode:I'm Home(2017),8.5,,15512,
410.Meari to majo no hana(2017),6.8,74,15497,$2.42M
411.The Defiant Ones(2017),8.5,,15488,
412. Dark (2017–2020)Episode:Geheimnisse(2017),8.2,,15309,
413. Shingeki no Kyojin (2013–2023)Episode:Southwestward(2017),8.6,,15277,
414.Thank You for Your Service(I) (2017),6.6,68,15202,$9.47M
415. Shingeki no Kyojin (2013–2023)Episode:The Hunters(2017),8.4,,15202,
416. Shingeki no Kyojin (2013–2023)Episode:Opening(2017),8.5,,15159,
417.Amityville: The Awakening(2017),4.8,42,15109,$0.00M
418.Perfectos desconocidos(2017),6.9,,15035,
419.Resident Evil: Vendetta(2017),6.2,,14992,
420.Killing Gunther(2017),4.8,53,14966,
421.Beast(III) (2017),6.8,74,14953,$0.80M
422.The White Princess(2017),7.5,,14824,
423.Imposters(2017–2018),7.8,,14794,
424.Batman and Harley Quinn(2017),5.9,,14785,
425.Please Stand By(2017),6.7,49,14762,$0.01M
426.Anna and the Apocalypse(2017),6.0,63,14695,$0.55M
427.Black Butterfly(II) (2017),6.1,43,14658,
428.Retro Wick: Exploring the Unexpected Success of 'John Wick'(2017 Video),7.6,,14639,
"429.Midnight, Texas(2017–2018)",7.3,,14584,
430.Goon: Last of the Enforcers(2017),5.8,48,14559,
431.Our Souls at Night(2017),6.9,69,14540,
432.The Children Act(2017),6.7,62,14424,$0.51M
433.Mark Felt: The Man Who Brought Down the White House(2017),6.4,49,14344,$0.77M
434.Zashchitniki(2017),4.0,,14304,
435.Chappaquiddick(2017),6.4,67,14282,$17.40M
436.The Ghazi Attack(2017),7.5,,14251,
437. Better Call Saul (2015–2022)Episode:Lantern(2017),9.2,,14210,
438.La Mante(2017),7.4,,14195,
439.What Did Jack Do?(2017),6.4,,14192,
440.You Get Me(2017),4.7,,14058,
441.Made in Abyss(2017– ),8.4,,13908,
442.Ittefaq(2017),7.2,,13837,
443.Prityazhenie(2017),5.6,,13810,
444. The Walking Dead (2010–2022)Episode:Mercy(2017),7.0,,13737,
445. Rick and Morty (2013– )Episode:Rest and Ricklaxation(2017),8.8,,13726,
446.Bushwick(2017),5.2,44,13631,
447.Olaf's Frozen Adventure(2017),5.7,,13610,
448. Rick and Morty (2013– )Episode:Rickmancing the Stone(2017),8.1,,13582,
449. Dark (2017–2020)Episode:Lügen(2017),8.1,,13540,
450.Lean on Pete(2017),7.2,80,13513,$1.16M
451.Six(2017–2018),7.2,,13496,
452.Gaga: Five Foot Two(2017),7.0,63,13496,
453.Escape Room(II) (2017),4.2,,13469,
454.The Vault(I) (2017),4.9,50,13458,$0.01M
455.Descendants 2(2017 TV Movie),6.3,,13334,
456. Rick and Morty (2013– )Episode:Vindicators 3: The Return of Worldender(2017),8.1,,13326,
457. Rick and Morty (2013– )Episode:Morty's Mind Blowers(2017),8.9,,13298,
458.Acts of Vengeance(2017),5.7,49,13294,
459.Visages villages(2017),7.8,94,13276,$0.95M
460. Dark (2017–2020)Episode:Alpha und Omega(2017),9.1,,13273,
461.L'amant double(2017),6.2,70,13245,$0.17M
462.Dave Chappelle: Equanimity(2017 TV Special),8.1,,13173,
463.Badrinath Ki Dulhania(2017),6.1,,13148,
464.The Age of Spin: Dave Chappelle Live at the Hollywood Palladium(2017 TV Special),8.1,,13139,
465. Dark (2017–2020)Episode:Gestern und heute(2017),8.5,,13129,
466. Better Call Saul (2015–2022)Episode:Witness(2017),9.0,,13115,
467. Dark (2017–2020)Episode:Wahrheiten(2017),8.8,,13056,
468.Errementari(2017),6.4,,13028,
469.Zone Blanche(2017–2019),7.4,,12982,
470.Toivon tuolla puolen(2017),7.2,84,12962,$0.18M
471. Dark (2017–2020)Episode:Sic Mundus Creatus Est(2017),9.0,,12823,
472. Mr. Robot (2015–2019)Episode:eps3.4_runtime-err0r.r00(2017),9.7,,12782,
473. BoJack Horseman (2014–2020)Episode:Time's Arrow(2017),9.8,,12736,
474.Vivegam(2017),5.2,,12715,
475.Christmas Inheritance(2017),5.7,,12699,
"476. Dark (2017–2020)Episode:Was man sät, das wird man ernten(2017)",9.1,,12674,
477. Rick and Morty (2013– )Episode:The Whirly Dirly Conspiracy(2017),8.4,,12659,
478.White Gold(2017–2019),7.3,,12473,
479.La ragazza nella nebbia(2017),6.8,,12451,
480. Better Call Saul (2015–2022)Episode:Sabrosito(2017),8.9,,12443,
481. Better Call Saul (2015–2022)Episode:Mabel(2017),8.1,,12435,
482. Dark (2017–2020)Episode:Doppelleben(2017),8.2,,12404,
483.Tuntematon sotilas(2017),7.7,,12353,
484.Inside Edge(2017– ),7.9,,12327,
485.Small Town Crime(2017),6.6,68,12248,
486.The Place(2017),7.0,,12247,
487.XX(2017),4.6,64,12236,$0.03M
488.First Kill(2017),5.0,39,12217,
489.Psych: The Movie(2017 TV Movie),7.3,,12180,
490.Deep in the Heart of Texas: Dave Chappelle Live at Austin City Limits(2017 TV Special),7.9,,12099,
491.Day of the Dead: Bloodline(2017),3.4,,12078,
492.On Chesil Beach(2017),6.3,62,12055,$0.75M
493.How to Talk to Girls at Parties(2017),5.7,50,12043,$0.08M
494.Senke nad Balkanom(2017– ),8.9,,12007,
495.Kakegurui(2017–2019),7.1,,11975,
496.Tour de Pharmacy(2017 TV Movie),7.1,,11963,
497.Voice from the Stone(2017),5.2,42,11962,
498.La forêt(2017),7.2,,11959,
499.Salyut-7(2017),7.2,,11949,
500. Dark (2017–2020)Episode:Kreuzwege(2017),8.6,,11905,
501.The Humanity Bureau(2017),4.5,,11867,
502. Dark (2017–2020)Episode:Alles ist jetzt(2017),8.6,,11720,
503. Peaky Blinders (2013–2022)Episode:The Company(2017),9.4,,11699,
504. Rick and Morty (2013– )Episode:The Rickchurian Mortydate(2017),8.2,,11676,
505.Fi(2017–2018),7.8,,11650,
506.Le sens de la fête(I) (2017),6.8,,11594,
507. Peaky Blinders (2013–2022)Episode:The Noose(2017),9.4,,11593,
508.The Polka King(2017),6.0,65,11592,
509.Singularity(I) (2017),3.6,,11554,
510.Salinjaui gieokbeob(2017),7.2,,11542,
511.Sidney Hall(2017),6.8,18,11534,
512. Better Call Saul (2015–2022)Episode:Sunk Costs(2017),8.5,,11527,
513. Better Call Saul (2015–2022)Episode:Fall(2017),8.8,,11510,
514. The Walking Dead (2010–2022)Episode:How It's Gotta Be(2017),6.8,,11508,
515.Taken(2017–2018),6.6,,11497,
516.Mom(I) (2017),7.2,,11470,
517. Rick and Morty (2013– )Episode:The ABCs of Beth(2017),7.9,,11443,
518. The Walking Dead (2010–2022)Episode:The Damned(2017),6.7,,11422,
519.Sweet Virginia(2017),6.2,72,11408,$0.01M
520.DuckTales(2017–2021),8.3,,11400,
521.Judwaa 2(2017),3.6,,11374,
522. Mr. Robot (2015–2019)Episode:eps3.5_kill-pr0cess.inc(2017),9.6,,11344,
523. Better Call Saul (2015–2022)Episode:Off Brand(2017),8.5,,11324,
524.Bairavaa(2017),5.8,,11230,
525.Tabula Rasa(2017),7.9,,11205,
526.Beomjoidosi(2017),7.2,,11188,
527.Jagga Jasoos(2017),6.4,,11159,
528.Gunpowder(2017),6.5,,11106,
529.Cardinal(2017–2020),7.8,,11090,
530.Tragedy Girls(2017),6.0,58,11086,$0.06M
531.Bullet Head(2017),5.4,51,11074,
532. Better Call Saul (2015–2022)Episode:Expenses(2017),8.2,,11073,
533.Yôkoso jitsuryoku shijô shugi no kyôshitsu e(2017– ),7.7,,11056,
534.Gong fu yu jia(2017),5.2,50,11036,$0.36M
535. Better Call Saul (2015–2022)Episode:Slip(2017),8.5,,11015,
536.Spyder(2017),6.3,,11008,
537.Disjointed(2017–2018),6.7,,11005,
538.Wilson(I) (2017),5.8,49,10933,$0.65M
539. The Walking Dead (2010–2022)Episode:Rock in the Road(2017),8.0,,10927,
540.Journey's End(I) (2017),6.7,73,10914,$0.16M
541.Payitaht Abdülhamid(2017–2021),5.0,,10885,
542.The Pirates of Somalia(2017),6.7,54,10878,
543.Mommy Dead and Dearest(2017),7.4,,10873,
544.Liar(2017–2020),7.1,,10866,
545.Shubh Mangal Saavdhan(2017),6.9,,10842,
546.Wonderstruck(2017),6.2,71,10840,$1.03M
547.Ji qi zhi xue(2017),5.1,43,10815,
548.Pyewacket(2017),5.8,56,10790,
549. The Walking Dead (2010–2022)Episode:Monsters(2017),6.4,,10733,
550.Louis C.K. 2017(2017 TV Special),7.6,,10698,
551. The Punisher (2017–2019)Episode:Home(2017),9.5,,10661,
552.Beatriz at Dinner(2017),6.0,68,10653,$7.12M
553.Renegades(2017),5.5,33,10632,
554. The Walking Dead (2010–2022)Episode:Some Guy(2017),6.8,,10608,
555.Satan's Slaves(2017),6.5,,10593,
556. La casa de papel (2017–2021)Episode:Bella ciao(2017),9.2,,10591,
557.Au revoir là-haut(2017),7.4,,10590,
558.Dave Chappelle: The Bird Revelation(2017 TV Special),7.8,,10573,
559.Inconceivable(2017),5.2,,10570,
560.Rebel in the Rye(2017),6.7,46,10490,$0.38M
561.Patti Cake$(2017),6.8,67,10452,$0.80M
562.Film Stars Don't Die in Liverpool(2017),6.7,65,10411,$1.03M
563. The Walking Dead (2010–2022)Episode:Say Yes(2017),7.0,,10409,
564.Diary of a Wimpy Kid: The Long Haul(2017),4.3,39,10360,$20.64M
565.Inside Look: The Assassination of Gianni Versace - American Crime Story(2017–2018),7.7,,10324,
566.Bad Blood(2017–2018),7.5,,10311,
567.Amy Schumer: The Leather Special(2017 TV Special),3.2,,10267,
568.The Hero(I) (2017),6.5,61,10256,$4.08M
569.Golmaal Again(2017),4.9,,10193,
570. The Walking Dead (2010–2022)Episode:New Best Friends(2017),7.3,,10190,
571.The Hunter's Prayer(2017),5.5,35,10178,
572. The Walking Dead (2010–2022)Episode:Bury Me Here(2017),7.6,,10177,
573.Flower(I) (2017),6.0,45,10151,$0.33M
574. The Walking Dead (2010–2022)Episode:Hostiles and Calamities(2017),7.3,,10140,
575.Harlots(2017–2019),7.7,,10087,
576.Jusqu'à la garde(2017),7.5,83,10028,$0.08M
577.Win It All(2017),6.2,77,10012,
578.El Camino Christmas(2017),5.7,,9969,
579.Revolt(2017),5.3,,9953,
580.Les affamés(2017),5.8,,9935,
581. The Walking Dead (2010–2022)Episode:The Other Side(2017),6.6,,9934,
582.The Case for Christ(2017),6.3,50,9882,$14.68M
583.The Man from Earth: Holocene(2017),5.2,,9831,
584. The Walking Dead (2010–2022)Episode:The Big Scary U(2017),7.3,,9653,
585.Bimilui Soop(2017– ),8.5,,9590,
586.Assassin's Creed: Origins(2017 Video Game),8.5,,9552,
587.Resident Evil 7: Biohazard(2017 Video Game),8.6,,9527,
588.The Lodgers(2017),5.1,52,9499,
589.November Criminals(2017),5.3,31,9469,
590.The Brave(2017–2018),7.5,,9453,
591. One Piece: Wan pîsu (1999– )Episode:Kanashiki Kettou: Luffy tai Sanji (Kouhen)(2017),9.5,,9439,
592.The Leisure Seeker(2017),6.7,45,9437,$3.23M
593. La casa de papel (2017–2021)Episode:Efectuar lo acordado(2017),8.1,,9424,
594.Blade Runner: Black Out 2022(2017 Video),7.3,,9409,
595. The Walking Dead (2010–2022)Episode:Something They Need(2017),7.5,,9408,
596.Wet Hot American Summer: Ten Years Later(2017),6.9,,9404,
"597. The Walking Dead (2010–2022)Episode:The King, the Widow and Rick(2017)",6.2,,9261,
598.The Dinner(I) (2017),4.5,57,9239,$1.32M
599.Zeruda no densetsu: Buresu obu za wairudo(2017 Video Game),9.4,,9235,
600. Mr. Robot (2015–2019)Episode:shutdown -r(2017),9.5,,9213,
601.The Recall(2017),4.1,,9208,
602.The Crucifixion(2017),5.1,,9188,
603.The Whiskey Bandit(2017),7.3,,9153,
604.Qarib Qarib Singlle(2017),7.1,,9152,
605.The Cured(2017),5.6,57,9083,$0.02M
606.Sweet Country(2017),6.9,88,9075,$0.10M
607.Gojira: Kaijû Wakusei(2017),6.0,,9068,
608.Submergence(2017),5.4,38,9057,
609.The Nile Hilton Incident(2017),6.7,70,8998,$0.08M
610. The Punisher (2017–2019)Episode:3 AM(2017),8.5,,8985,
611.Rakka(2017),7.3,,8948,
612.Cheong-nyeon-gyeong-chal(2017),7.3,,8934,
613.Dangshini Jamdeun Saie(2017),8.3,,8917,
614. The Walking Dead (2010–2022)Episode:Time for After(2017),6.5,,8899,
615.Damnation(2017–2018),7.6,,8898,
616.Clinical(2017),5.1,,8866,
617. Peaky Blinders (2013–2022)Episode:Heathens(2017),9.0,,8865,
618.Pappa pia(2017),2.7,,8849,
619.The Star(2017),6.2,42,8822,$40.85M
620.4 Blocks(2017–2019),8.2,,8791,
621.Blame!(2017),6.6,,8776,
622.Lady-Like(2017),4.9,,8758,
"623. 13 Reasons Why (2017–2020)Episode:Tape 7, Side A(2017)",9.2,,8752,
624.Gekijô-ban Sôdo Âto Onrain: Sword Art Online - Ôdinaru sukêru -(2017),7.3,,8751,
625.Extortion(2017),6.2,,8723,
626.Dave Made a Maze(2017),6.3,60,8716,$0.03M
627.The Last Word(2017),6.6,40,8705,$1.78M
628.Zhan lang II(2017),5.9,44,8698,$2.72M
629. Mindhunter (2017–2019)Episode:Episode #1.1(2017),7.8,,8698,
630.Small Crimes(2017),5.8,60,8697,
631.Bad Day for the Cut(2017),6.5,,8632,
632.Riviera(2017–2020),6.7,,8620,
633.Unacknowledged(2017),7.0,,8601,
634.Uncharted: The Lost Legacy(2017 Video Game),8.5,,8562,
635.The Incredible Jessica James(2017),6.5,72,8531,
636.The Clapper(I) (2017),5.2,21,8487,
637.Sick Note(2017–2018),6.8,,8486,
638.Same Kind of Different as Me(2017),6.6,47,8484,$6.42M
639.Vuelven(2017),6.9,76,8468,$0.13M
640. Ozark (2017–2022)Episode:Sugarwood(2017),8.4,,8463,
641.2036: Nexus Dawn(2017),6.9,,8444,
642.Vengeance: A Love Story(2017),5.2,,8441,
643.Viceroy's House(2017),6.7,53,8439,$1.11M
644.Haseena Parkar(2017),6.3,,8434,
645. The Punisher (2017–2019)Episode:Memento Mori(2017),9.1,,8427,
646.Long Shot(2017 TV Movie),7.4,,8425,
647.Bomb City(2017),6.8,65,8424,$0.06M
648.Kill Switch(I) (2017),4.7,31,8423,
649.Raabta(2017),4.7,,8409,
650.Madame(I) (2017),6.1,45,8383,
651. The Flash (2014–2023)Episode:Duet(2017),6.1,,8361,
652. The Punisher (2017–2019)Episode:Danger Close(2017),9.2,,8359,
653.Mukkabaaz(2017),8.0,,8352,
654.Fortnite(2017 Video Game),5.3,,8303,
655.Shock and Awe(2017),6.4,47,8291,$0.08M
656.An Inconvenient Sequel: Truth to Power(2017),6.6,68,8287,$3.50M
657. Mr. Robot (2015–2019)Episode:eps3.7_dont-delete-me.ko(2017),9.1,,8273,
658.Sachin(2017),8.5,,8272,
659.Órbita 9(2017),5.9,,8243,
660.Ssam maiwei(2017),8.1,,8214,
661.6 Below: Miracle on the Mountain(2017),5.7,40,8190,
662. Arrow (2012–2020)Episode:Lian Yu(2017),9.6,,8158,
663.Crashing(2017–2019),7.6,,8156,
664.Great News(2017–2018),7.0,,8153,
665.Estiu 1993(2017),7.1,81,8146,$0.18M
666.Lou(I) (2017),7.8,,8136,
667.Meme Review(2017– ),8.6,,8135,
668.Woman Walks Ahead(2017),6.7,51,8132,$0.06M
669.L'ascension(I) (2017),6.9,,8127,
670.Get Shorty(2017–2019),8.2,,8124,
671.Deadpool: No Good Deed(2017),8.0,,8122,
672. The Leftovers (2014–2017)Episode:The Book of Nora(2017),9.5,,8104,
673. Big Little Lies (2017–2019)Episode:You Get What You Need(2017),9.4,,8089,
674.Spielberg(2017 TV Movie),7.7,,8071,
675. La casa de papel (2017–2021)Episode:Imprudencias letales(2017),8.2,,8066,
676.Gunhamdo(2017),7.1,60,8045,
677.Rockaway(2017),6.2,,8043,
678.Just Getting Started(2017),4.6,21,8010,$6.07M
679.Bill Burr: Walk Your Way Out(2017 TV Special),7.2,,8010,
680.Dismissed(2017),5.7,,7921,
681.Foxtrot(II) (2017),7.2,88,7915,$0.62M
682.Vremya pervykh(2017),7.2,,7860,
683. Star Trek: Discovery (2017–2024)Episode:The Vulcan Hello(2017),7.2,,7857,
684. The Punisher (2017–2019)Episode:Virtue of the Vicious(2017),9.1,,7848,
685.The Great Father(2017),6.9,,7847,
"686. 13 Reasons Why (2017–2020)Episode:Tape 1, Side A(2017)",8.2,,7839,
687.Hasan Minhaj: Homecoming King(2017 TV Special),8.2,,7820,
688.The Son of Bigfoot(2017),6.1,,7815,
689. Peaky Blinders (2013–2022)Episode:The Duel(2017),8.7,,7795,
690.All Nighter(2017),5.8,37,7748,
691.Bokeh(I) (2017),5.0,56,7744,
692.Half Girlfriend(2017),4.6,,7715,
693.Siyah Beyaz Ask(2017–2018),8.0,,7683,
694. Prison Break (2005–2017)Episode:Ogygia(2017),8.4,,7670,
695.My Little Pony: The Movie(2017),6.1,39,7669,$21.89M
696. Mindhunter (2017–2019)Episode:Episode #1.2(2017),8.5,,7669,
697. Mindhunter (2017–2019)Episode:Episode #1.10(2017),9.1,,7667,
698.Sandome no satsujin(2017),6.7,68,7666,$0.09M
699.Get Me Roger Stone(2017),7.3,75,7656,
700. Twin Peaks: The Return (2017)Episode:Part 8(2017),8.8,,7654,
701. Peaky Blinders (2013–2022)Episode:Blackbird(2017),8.5,,7647,
702. The Punisher (2017–2019)Episode:Two Dead Men(2017),8.1,,7628,
"703. 13 Reasons Why (2017–2020)Episode:Tape 6, Side A(2017)",9.1,,7616,
704.Kiborgy. Heroyi ne vmyrayut(2017),7.5,,7584,
705.Star Wars: Battlefront II(2017 Video Game),7.2,,7576,
706.Le chalet(2017–2018),7.0,,7560,
707.Un beau soleil intérieur(2017),6.0,79,7545,$0.87M
708. La casa de papel (2017–2021)Episode:Errar al disparar(2017),8.1,,7514,
709.2048: Nowhere to Run(2017),6.8,,7499,
710. Ozark (2017–2022)Episode:The Toll(2017),9.1,,7486,
711. Peaky Blinders (2013–2022)Episode:Dangerous(2017),8.5,,7475,
712.Bill Nye Saves the World(2017–2018),4.0,,7444,
713. Fargo (2014–2024)Episode:The Law of Vacant Places(2017),8.5,,7402,
714.Call of Duty: WWII(2017 Video Game),7.7,,7360,
715.Prodigy(2017),5.9,,7352,
716.Tikli and Laxmi Bomb(2017),7.0,,7330,
717.The Ballad of Lefty Brown(2017),6.3,64,7325,$0.01M
718. The Punisher (2017–2019)Episode:Kandahar(2017),8.3,,7325,
719.M.F.A.(2017),5.9,,7320,
720.This Country(2017– ),8.5,,7305,
721.Yol Arkadasim(2017),6.1,,7298,
722.Pokémon the Movie: I Choose You(2017),6.3,,7286,
723.Ghosted(I) (2017),6.3,,7280,
724.Dev DD(2017– ),6.4,,7271,
725.Naam Shabana(2017),6.2,,7265,
726. Doctor Who (2005– )Episode:Twice Upon a Time(2017),8.2,,7245,
727.A Gentleman(2017),6.2,,7239,
728. La casa de papel (2017–2021)Episode:Caballo de Troya(2017),8.1,,7184,
729.D'après une histoire vraie(I) (2017),5.7,43,7183,
730.The Most Hated Woman in America(2017),6.1,41,7164,
731. BoJack Horseman (2014–2020)Episode:The Old Sugarman Place(2017),9.3,,7144,
732. Mr. Robot (2015–2019)Episode:eps3.0_power-saver-mode.h(2017),8.7,,7138,
733.The Sense of an Ending(2017),6.4,61,7114,$1.24M
734. Star Trek: Discovery (2017–2024)Episode:Battle at the Binary Stars(2017),7.4,,7104,
735.The Nut Job 2: Nutty by Nature(2017),5.5,36,7092,$28.37M
736.Thondimuthalum Dhriksakshiyum(2017),8.1,,7087,
737.The Son(2017–2019),7.5,,7084,
738.Le jeune Karl Marx(2017),6.6,62,7075,$0.13M
739.Finding Your Feet(2017),6.7,53,7051,$1.42M
740.Underverden(2017),6.6,,7016,
741.One of Us(IV) (2017),7.0,78,7008,
742.Hampstead(2017),6.1,53,6997,$0.14M
743.The Blacklist: Redemption(2017),7.0,,6990,
744. La casa de papel (2017–2021)Episode:El que la sigue la consigue(2017),8.5,,6954,
745.Maanagaram(2017),8.1,,6949,
746.Zama(2017),6.7,89,6931,$0.20M
747.OHA Diyorum(2017),1.6,,6926,
748.Bose: Dead/Alive(2017),8.7,,6917,
749.Hostile(I) (2017),5.4,,6910,
750. La casa de papel (2017–2021)Episode:El día de la marmota(2017),8.2,,6904,
751. The Punisher (2017–2019)Episode:Resupply(2017),8.3,,6896,
752.Singam 3(2017),6.0,,6895,
753.Avicii: True Stories(2017),7.6,,6893,
754.The Saint(2017 TV Movie),4.9,,6886,
755. The Punisher (2017–2019)Episode:Gunner(2017),8.6,,6882,
756. The Punisher (2017–2019)Episode:Front Toward Enemy(2017),8.9,,6873,
757.Aloko Udapadi(2017),8.3,,6868,
758.Claws(2017–2022),7.5,,6865,
759.Fack ju Göhte 3(2017),5.4,,6852,
760. Mindhunter (2017–2019)Episode:Episode #1.3(2017),8.2,,6843,
761.Pieles(2017),6.1,,6806,
762.Phoenix Forgotten(2017),5.3,33,6803,$3.60M
763. Mr. Robot (2015–2019)Episode:eps3.6_fredrick+tanya.chk(2017),9.0,,6801,
764.I Am Heath Ledger(2017),7.3,68,6799,
765. The Handmaid's Tale (2017– )Episode:Offred(2017),8.2,,6796,
766. Mr. Robot (2015–2019)Episode:eps3.1_undo.gz(2017),9.1,,6793,
767.Marjorie Prime(2017),6.3,82,6764,$0.18M
768.#Realityhigh(2017),5.1,,6762,
769.LA 92(2017),8.2,66,6760,
770.Take Off(2017),8.1,,6756,
771.Greenhouse Academy(2017–2020),6.6,,6726,
772. Lucifer (2016–2021)Episode:A Good Day to Die(2017),9.3,,6724,
773.Sharknado 5: Global Swarming(2017 TV Movie),3.9,,6715,
774.Voyeur(II) (2017),6.1,59,6710,
775. La casa de papel (2017–2021)Episode:La cálida Guerra Fría(2017),8.1,,6695,
776. The Punisher (2017–2019)Episode:Cold Steel(2017),8.7,,6693,
777.Victor Crowley(2017),5.5,,6689,
778.AlphaGo(2017),7.8,,6683,
779.The Beyond(2017),4.9,,6682,
780.Drone(I) (2017),5.4,49,6678,
781.APB(2017),6.8,,6674,
782.Hagazussa(2017),5.8,72,6665,$0.01M
783. La casa de papel (2017–2021)Episode:Refrigerada inestabilidad(2017),8.3,,6658,
784. Taboo (2017)Episode:Episode #1.1(2017),8.4,,6654,
785.Roboti Aniya(2017–2018),8.0,,6653,
786. Legion (2017–2019)Episode:Chapter 1(2017),8.7,,6642,
787.Devil's Gate(2017),5.1,37,6640,
788.Blood Drive(2017),7.2,,6628,
"789. 13 Reasons Why (2017–2020)Episode:Tape 6, Side B(2017)",9.0,,6622,
790. Star Trek: Discovery (2017–2024)Episode:Context Is for Kings(2017),7.7,,6622,
791. The Punisher (2017–2019)Episode:Crosshairs(2017),8.6,,6599,
792.Ibeon Saengeun Cheoeumira(2017),8.1,,6593,
793.Walking Out(2017),5.8,79,6589,$0.10M
794. The Punisher (2017–2019)Episode:The Judas Goat(2017),8.2,,6581,
795.Red Nose Day Actually(2017 TV Short),7.1,,6576,
796.Cold Ground(2017),5.1,,6570,
"797. 13 Reasons Why (2017–2020)Episode:Tape 1, Side B(2017)",7.9,,6559,
798. Ozark (2017–2022)Episode:Blue Cat(2017),8.0,,6555,
799. Mindhunter (2017–2019)Episode:Episode #1.5(2017),8.6,,6550,
800.El autor(2017),6.5,58,6534,
801.Somewhere Between(2017),6.2,,6522,
802. La casa de papel (2017–2021)Episode:Tú lo has buscado(2017),8.1,,6522,
803.Angamaly Diaries(2017),7.9,,6499,
804. Mindhunter (2017–2019)Episode:Episode #1.4(2017),8.2,,6493,
805.Christmas Wedding Planner(2017 TV Movie),4.4,,6492,
806.Famous in Love(2017–2018),6.7,,6479,
807.Dirty Dancing(2017 TV Movie),3.2,,6440,
808.Take Me(2017),6.1,56,6422,$0.00M
809.Loudermilk(2017–2020),7.8,,6420,
810.Trial & Error(2017–2018),7.9,,6393,
811.Soosanghan Pateuneo(2017),7.8,,6390,
812. Twin Peaks: The Return (2017)Episode:Part 1(2017),8.6,,6385,
813. La casa de papel (2017–2021)Episode:Se acabaron las máscaras(2017),8.4,,6371,
814. Mr. Robot (2015–2019)Episode:eps3.2_legacy.so(2017),8.7,,6370,
815.Howards End(2017–2018),7.2,,6362,
816.Conor McGregor: Notorious(2017),7.1,,6356,
817.68 Kill(2017),6.0,56,6352,
818. La casa de papel (2017–2021)Episode:A contrarreloj(2017),8.6,,6352,
819. The Leftovers (2014–2017)Episode:The Most Powerful Man in the World (and His Identical Twin Brother)(2017),9.3,,6331,
820.Jai Lava Kusa(2017),6.8,,6324,
821.The Trip to Spain(2017),6.6,66,6315,$1.16M
822.1987(2017),7.8,,6299,
823.The Hatton Garden Job(2017),5.6,,6291,
824.Tom of Finland(2017),6.8,56,6288,$0.38M
825.Fun Mom Dinner(2017),5.3,46,6272,
826.Pilgrimage(II) (2017),5.9,60,6271,
827.Jojakdoen dosi(2017),6.8,,6271,
828.Gangcheolbi(2017),7.1,,6268,
829.Downrange(2017),5.5,42,6259,
830.Stephanie(I) (2017),5.8,,6252,
831.Starship Troopers: Traitor of Mars(2017),5.5,,6221,
832. La casa de papel (2017–2021)Episode:¿Qué hemos hecho?(2017),8.6,,6214,
833. Lucifer (2016–2021)Episode:Off the Record(2017),9.1,,6210,
834.Team Thor: Part 2(2017 Video),7.4,,6208,
"835.Bedoone Tarikh, Bedoone Emza(2017)",7.2,71,6190,$0.04M
"836. 13 Reasons Why (2017–2020)Episode:Tape 2, Side A(2017)",7.8,,6183,
837.Un sac de billes(2017),7.3,55,6180,$0.41M
838. La casa de papel (2017–2021)Episode:Cuestión de eficacia(2017),8.5,,6173,
839. La casa de papel (2017–2021)Episode:La cabeza del plan(2017),8.3,,6152,
840.Brockmire(2017–2020),8.0,,6138,
841. Ozark (2017–2022)Episode:My Dripping Sleep(2017),7.6,,6112,
842. Mindhunter (2017–2019)Episode:Episode #1.6(2017),7.9,,6087,
843. Regular Show (2010–2017)Episode:A Regular Epic Final Battle(2017),9.8,,6077,
844. Mindhunter (2017–2019)Episode:Episode #1.9(2017),8.5,,6049,
845.Room 104(2017–2020),6.1,,6048,
846.I'm Sorry.(2017–2019),8.0,,6044,
847.The Toys That Made Us(2017–2019),7.9,,6036,
848.Kincsem(2017),7.2,,6005,
849. BoJack Horseman (2014–2020)Episode:Stupid Piece of Sh*t(2017),9.2,,6003,
850. Ozark (2017–2022)Episode:Kaleidoscope(2017),7.5,,5993,
851. Mindhunter (2017–2019)Episode:Episode #1.7(2017),8.2,,5991,
852.Fukrey Returns(2017),6.5,,5990,
"853. Ozark (2017–2022)Episode:Coffee, Black(2017)",8.7,,5990,
854.Yoru wa mijikashi aruke yo otome(2017),7.5,65,5971,$0.41M
855.The Miniaturist(2017),7.0,,5967,
856.Outside In(2017),6.7,76,5962,$0.07M
857.Nieve negra(2017),6.2,,5962,
"858. 13 Reasons Why (2017–2020)Episode:Tape 2, Side B(2017)",8.0,,5960,
859.Bodied(2017),7.1,75,5956,$0.11M
860.Aritmiya(2017),7.4,,5951,
861.Dear Basketball(2017),7.3,,5950,
862.The Capture(2017),4.7,,5937,
863.Jerry Before Seinfeld(2017 TV Special),7.0,,5930,
864.Final Portrait(2017),6.2,70,5929,$0.46M
865.Band Aid(2017),6.6,67,5926,$0.24M
866.Jack Whitehall: Travels with My Father(2017–2021),7.6,,5920,
867.The Neighbor(II) (2017),4.8,,5916,
868. Mindhunter (2017–2019)Episode:Episode #1.8(2017),8.1,,5912,
"869. 13 Reasons Why (2017–2020)Episode:Tape 3, Side A(2017)",8.1,,5895,
870.Pokot(2017),6.3,67,5878,
871. Twin Peaks: The Return (2017)Episode:Part 2(2017),8.6,,5862,
872. Big Little Lies (2017–2019)Episode:Somebody's Dead(2017),8.0,,5853,
873.Meri Pyaari Bindu(2017),6.0,,5844,
874.Le Redoutable(2017),6.6,55,5843,$0.08M
875. Vikings (2013–2020)Episode:On the Eve(2017),8.9,,5814,
876.Hva vil folk si(2017),7.4,69,5812,$0.04M
877.Lore(2017–2018),6.6,,5807,
878.Abstract: The Art of Design(2017– ),8.3,,5805,
879. Fargo (2014–2024)Episode:Who Rules the Land of Denial?(2017),8.9,,5805,
"880. 13 Reasons Why (2017–2020)Episode:Tape 4, Side A(2017)",8.3,,5803,
881. Ozark (2017–2022)Episode:Tonight We Improvise(2017),8.0,,5792,
882.The Cheat(2017–2020),8.3,,5777,
883. Mr. Robot (2015–2019)Episode:eps3.3_m3tadata.par2(2017),8.3,,5773,
"884. 13 Reasons Why (2017–2020)Episode:Tape 5, Side B(2017)",8.5,,5756,
885.Duvvada Jagannadham(2017),5.9,,5755,
886.Mass Effect: Andromeda(2017 Video Game),7.0,,5751,
"887. 13 Reasons Why (2017–2020)Episode:Tape 5, Side A(2017)",8.6,,5751,
888. Vikings (2013–2020)Episode:Revenge(2017),8.8,,5742,
889. Fargo (2014–2024)Episode:The Law of Non-Contradiction(2017),7.9,,5737,
890.Hwayugi(2017–2018),8.0,,5726,
891.Zygote(I) (2017),7.2,,5723,
892.November(2017),7.2,79,5712,$0.02M
893.Trevor Noah: Afraid of the Dark(2017 TV Special),7.3,,5692,
"894. 13 Reasons Why (2017–2020)Episode:Tape 3, Side B(2017)",7.9,,5689,
895. Mr. Robot (2015–2019)Episode:eps3.8_stage3.torrent(2017),8.6,,5672,
896.Mutluluk Zamani(2017),5.9,,5663,
897.The Loch(2017– ),6.9,,5656,
898.Casting JonBenet(2017),6.1,74,5645,
899. Star Trek: Discovery (2017–2024)Episode:The Butcher's Knife Cares Not for the Lamb's Cry(2017),7.2,,5644,
900.Mein Blind Date mit dem Leben(2017),7.1,,5641,
901.Dhaka Attack(2017),7.6,,5641,
902.Keeping Faith(2017– ),7.1,,5631,
903.Skybound(2017),4.1,,5631,
"904. 13 Reasons Why (2017–2020)Episode:Tape 4, Side B(2017)",8.0,,5617,
905.The Confession Tapes(2017– ),7.5,,5615,
906. Twin Peaks: The Return (2017)Episode:Part 16(2017),9.5,,5614,
907. Star Trek: Discovery (2017–2024)Episode:Magic to Make the Sanest Man Go Mad(2017),7.5,,5596,
908.My Days of Mercy(2017),6.5,,5585,
909.Istanbul Kirmizisi(2017),5.5,,5569,
910. The Expanse (2015–2022)Episode:Home(2017),9.4,,5564,
911.Sniper: Ultimate Kill(2017),5.6,,5562,
912. Ozark (2017–2022)Episode:Ruling Days(2017),7.9,,5561,
913. Doctor Who (2005– )Episode:World Enough and Time(2017),9.1,,5555,
914. The Handmaid's Tale (2017– )Episode:Birth Day(2017),8.1,,5554,
915. Doctor Who (2005– )Episode:The Doctor Falls(2017),9.0,,5553,
916. The Handmaid's Tale (2017– )Episode:Night(2017),9.0,,5552,
917. The Handmaid's Tale (2017– )Episode:Late(2017),8.6,,5548,
918.Chasing Coral(2017),8.0,86,5544,
919. Star Trek: Discovery (2017–2024)Episode:Choose Your Pain(2017),7.3,,5542,
920.Apple Tree Yard(2017),7.2,,5520,
921.The Bachelors(2017),6.8,54,5515,
922.Crash Pad(I) (2017),5.8,46,5511,
923.Gemini(II) (2017),5.4,71,5507,$0.20M
924.Stratton(2017),4.8,26,5499,
925.This Is Your Death(2017),5.6,35,5499,
926. Brooklyn Nine-Nine (2013–2021)Episode:HalloVeen(2017),9.4,,5497,
927. Ozark (2017–2022)Episode:Book of Ruth(2017),8.0,,5495,
928.Le fidèle(2017),6.3,50,5484,$0.05M
929.Mr & Mme Adelman(2017),7.3,,5476,
930.Jamestown(2017–2019),6.9,,5466,
931.Oasis(2017 TV Movie),8.0,,5464,
932. Doctor Who (2005– )Episode:The Pilot(2017),7.8,,5462,
933.Ghost Wars(2017–2018),6.2,,5461,
934. The Good Place (2016–2020)Episode:Michael's Gambit(2017),9.3,,5460,
935. The Crown (2016–2023)Episode:Dear Mrs. Kennedy(2017),9.1,,5460,
936.Tumhari Sulu(2017),7.0,,5447,
937.SPF-18(2017),3.3,,5445,
938. Twin Peaks: The Return (2017)Episode:Part 3(2017),8.4,,5442,
939.Jane(II) (2017),7.8,87,5440,$1.72M
940. Fargo (2014–2024)Episode:Somebody to Love(2017),8.5,,5429,
941. Prison Break (2005–2017)Episode:Kaniel Outis(2017),8.2,,5419,
942. Ozark (2017–2022)Episode:Nest Box(2017),8.0,,5416,
943. American Horror Story (2011– )Episode:Election Night(2017),6.6,,5411,
944.Ise Yarar Bir Sey(2017),7.6,,5407,
945.Vår tid är nu(2017– ),8.2,,5399,
946. Fargo (2014–2024)Episode:The Principle of Restricted Choice(2017),8.0,,5390,
947.SMILF(2017–2019),6.8,,5385,
948.Cuba and the Cameraman(2017),8.2,82,5367,
949.Super Size Me 2: Holy Chicken!(2017),7.1,61,5340,
950.Ali's Wedding(2017),6.9,64,5336,
951.Bingo: O Rei das Manhãs(2017),7.9,,5333,
952. The Leftovers (2014–2017)Episode:G'Day Melbourne(2017),9.2,,5328,
953. Vikings (2013–2020)Episode:The Reckoning(2017),8.8,,5318,
954. Vikings (2013–2020)Episode:Crossings(2017),8.5,,5314,
955.Fidaa(2017),7.4,,5304,
956.F*&% the Prom(2017),4.2,,5295,
957.Pottersville(2017),5.4,,5292,
958.John Wick: Kill Count(2017 Video),8.0,,5290,
959.Bottom of the World(2017),5.1,,5283,
960. The Orville (2017– )Episode:Old Wounds(2017),7.4,,5281,
961.Dvizhenie vverkh(2017),6.7,,5279,
962. BoJack Horseman (2014–2020)Episode:Ruthie(2017),8.9,,5263,
963.Thupparivaalan(2017),7.5,,5251,
964.Happy Family(2017),4.8,,5246,
965.Alien: Covenant - Prologue: The Crossing(2017),7.1,,5244,
966.Kolonya Cumhuriyeti(2017),5.8,,5242,
967. It's Always Sunny in Philadelphia (2005– )Episode:The Gang Goes to a Water Park(2017),9.5,,5240,
968.Little Boy Blue(2017),7.8,,5236,
969. Twin Peaks: The Return (2017)Episode:Part 4(2017),8.5,,5232,
970.Ég man þig(2017),6.1,,5221,
971.Open Marriage(2017 TV Movie),5.2,,5201,
972.Undir trénu(2017),6.8,75,5187,$0.07M
973.Temple(2017),3.7,23,5187,
974.Wolfenstein II: The New Colossus(2017 Video Game),7.9,,5164,
975.The Putin Interviews(2017),7.5,,5155,
976.Baadshaho(2017),4.9,,5153,
977. Star Trek: Discovery (2017–2024)Episode:Lethe(2017),7.3,,5151,
978.Ce qui nous lie(2017),6.8,58,5150,$0.26M
979. The Crown (2016–2023)Episode:Vergangenheit(2017),9.1,,5134,
980.Becoming Warren Buffett(2017),7.5,,5133,
981.Five Came Back(2017),8.2,,5127,
982.The Child in Time(2017 TV Movie),6.1,,5115,
983.Firebase(2017),7.0,,5097,
984.Tyler Perry's Boo 2! A Madea Halloween(2017),3.9,17,5096,$47.32M
985.Whitney: Can I Be Me(2017),6.8,64,5094,
986.Dear Dictator(2017),5.0,44,5089,
987. The Leftovers (2014–2017)Episode:The Book of Kevin(2017),8.9,,5089,
988. The Defenders (2017)Episode:Worst Behavior(2017),8.8,,5088,
989.Girlfriend's Day(2017),5.2,,5086,
990. American Gods (2017–2021)Episode:The Bone Orchard(2017),8.0,,5082,
991.The Maus(2017),4.4,,5076,
992.Handsome: A Netflix Mystery Movie(2017),5.2,,5062,
993. This Is Us (2016–2022)Episode:Memphis(2017),9.5,,5055,
994. The End of the F***ing World (2017–2019)Episode:Episode #1.1(2017),7.8,,5047,
995.Andover(2017),5.3,,5039,
996. The Defenders (2017)Episode:The H Word(2017),7.3,,5039,
997.Death Race 2050(2017 Video),3.7,,5034,
998. The Handmaid's Tale (2017– )Episode:A Woman's Place(2017),8.7,,5030,
999.The Cakemaker(2017),7.3,74,5023,$0.88M
"1,000.Sofra Sirlari(2017)",6.7,,5020,
